,Genus,Num_names_for_genus_with_species_discrepancy,Total_names_for_genus,Percent
0,Rosa,155,11566,1.3401348780909563
1,Rubus,127,14266,0.8902285153511846
2,Carex,99,9921,0.9978832778953735
3,Solanum,78,5932,1.3149022252191505
4,Achillea,71,883,8.040770101925254
5,Crataegus,69,3000,2.3
6,Hieracium,65,18618,0.34912450316897625
7,Potentilla,64,5268,1.2148823082763858
8,Grindelia,64,306,20.915032679738562
9,Polygala,63,2579,2.44280728964715
10,Sulcorebutia,60,247,24.291497975708502
11,Capsicum,52,291,17.869415807560138
12,Eruca,52,96,54.166666666666664
13,Panicum,51,3970,1.2846347607052897
14,Quercus,51,4836,1.054590570719603
15,Festuca,50,3669,1.362769146906514
16,Viola,49,4123,1.1884550084889642
17,Euphorbia,42,5639,0.7448129100904416
18,Ranunculus,42,5393,0.7787873168922678
19,Leea,39,200,19.5
20,Morus,38,301,12.624584717607974
21,Acacia,35,3578,0.9782001117942984
23,Opuntia,34,1470,2.312925170068027
22,Weingartia,34,222,15.315315315315315
24,Helianthemum,33,1459,2.2618231665524333
25,Erodium,32,775,4.129032258064516
26,Senecio,32,6123,0.5226196308998857
27,Biscutella,30,559,5.366726296958855
29,Hymenophyllum,29,809,3.584672435105068
28,Utricularia,29,864,3.3564814814814814
31,Polypodium,27,3698,0.730124391563007
30,Trichomanes,27,908,2.973568281938326
32,Eucalyptus,27,1937,1.3939081053175013
34,Avena,26,1052,2.4714828897338403
33,Orchis,26,2185,1.1899313501144164
35,Silene,26,3444,0.7549361207897793
37,Pouzolzia,25,263,9.505703422053232
36,Nolana,25,155,16.129032258064516
38,Aconitum,24,1896,1.2658227848101267
39,Mammillaria,23,1991,1.1551983927674536
42,Pilosella,23,1321,1.7411052233156699
41,Vaccinium,23,1428,1.6106442577030813
40,Elleanthus,23,168,13.69047619047619
46,Allium,22,2975,0.7394957983193278
45,Sedum,22,2050,1.0731707317073171
43,Lampranthus,22,262,8.396946564885496
44,Croton,22,2858,0.7697690692792163
49,Bidens,21,1029,2.0408163265306123
47,Aglaia,21,541,3.8817005545286505
48,Cyathea,21,1446,1.4522821576763485
51,Centaurea,20,3725,0.5369127516778524
50,Pyrus,20,2537,0.7883326763894364
53,Pinus,19,1808,1.0508849557522124
56,Brachypodium,19,370,5.135135135135135
55,Lonicera,19,1159,1.639344262295082
54,Ophrys,19,2352,0.8078231292517006
52,Mesembryanthemum,19,1385,1.371841155234657
58,Gnaphalium,18,1383,1.3015184381778742
57,Tamarix,18,338,5.325443786982248
65,Passiflora,17,1298,1.3097072419106317
63,Pyrethrum,17,401,4.239401496259352
60,Saxifraga,17,3228,0.5266418835192069
59,Poa,17,3396,0.5005889281507656
64,Andropogon,17,1833,0.9274413529732679
66,Dichanthelium,17,234,7.264957264957265
62,Digitaria,17,853,1.9929660023446658
61,Salix,17,4597,0.36980639547530997
70,Pittosporum,16,613,2.6101141924959217
69,Thalictrum,16,1320,1.2121212121212122
67,Achyranthes,16,365,4.383561643835616
71,Vernonia,16,2460,0.6504065040650406
68,Asplenium,16,3405,0.4698972099853157
75,Malus,15,696,2.1551724137931036
72,Astragalus,15,8148,0.18409425625920472
74,Luffa,15,80,18.75
73,Gymnadenia,15,316,4.746835443037975
82,Amaranthus,14,664,2.108433734939759
81,Carduus,14,1114,1.2567324955116697
80,Chrysanthemum,14,717,1.9525801952580195
78,Eria,14,853,1.64126611957796
77,Oxalis,14,2150,0.6511627906976745
76,Lupinus,14,1955,0.7161125319693095
79,Celtis,14,449,3.11804008908686
88,Phlox,13,589,2.2071307300509337
89,Elymus,13,1060,1.2264150943396226
85,Veronica,13,2359,0.5510809665112336
91,Dianthus,13,1988,0.6539235412474849
83,Pleurothallis,13,2307,0.5635023840485479
86,Ophioglossum,13,250,5.2
90,Viburnum,13,843,1.5421115065243178
84,Cardamine,13,1420,0.9154929577464789
87,Aira,13,547,2.376599634369287
97,Batrachium,12,178,6.741573033707865
93,Polygonum,12,2400,0.5
94,Cyphia,12,179,6.70391061452514
95,Gagea,12,687,1.7467248908296944
102,Cleome,12,603,1.9900497512437811
92,Carissa,12,119,10.084033613445378
101,Euphrasia,12,1020,1.1764705882352942
99,Erysimum,12,1126,1.0657193605683837
100,Valeriana,12,1181,1.0160880609652836
98,Artemisia,12,2015,0.5955334987593052
96,Prunus,12,3717,0.3228410008071025
112,Arabis,11,1272,0.8647798742138365
114,Atriplex,11,1144,0.9615384615384616
105,Pyrrhocactus,11,121,9.090909090909092
106,Evelyna,11,54,20.37037037037037
115,Echinochloa,11,250,4.4
116,Acalypha,11,1367,0.8046817849305048
107,Psychotria,11,3738,0.294275013376137
108,Santolina,11,181,6.077348066298343
110,Albizia,11,426,2.5821596244131455
109,Erigeron,11,1846,0.5958829902491874
113,Alyxia,11,296,3.7162162162162162
111,Verbena,11,865,1.2716763005780347
103,Schizachyrium,11,195,5.641025641025641
104,Iberis,11,401,2.743142144638404
130,Delphinium,10,1633,0.612369871402327
128,Puccinellia,10,390,2.5641025641025643
124,Julocroton,10,119,8.403361344537815
117,Eupatorium,10,2579,0.38774718883288095
126,Lolium,10,359,2.785515320334262
127,Dendrobium,10,3155,0.31695721077654515
129,Alyssum,10,1137,0.8795074758135444
121,Osmunda,10,195,5.128205128205129
122,Thymus,10,2114,0.47303689687795647
123,Werneria,10,131,7.633587786259542
120,Eugenia,10,3741,0.2673082063619353
125,Brassica,10,1131,0.8841732979664014
118,Eryngium,10,679,1.4727540500736378
119,Bromus,10,1958,0.5107252298263534
132,Nepenthes,9,397,2.2670025188916876
131,Impatiens,9,1792,0.5022321428571429
138,Anemia,9,309,2.912621359223301
139,Marsdenia,9,488,1.8442622950819672
140,Scirpus,9,1863,0.4830917874396135
141,Neoporteria,9,271,3.321033210332103
134,Danaea,9,88,10.227272727272727
135,Coreopsis,9,445,2.0224719101123596
136,Coelogyne,9,865,1.0404624277456647
133,Campanula,9,3232,0.2784653465346535
142,Malaxis,9,715,1.2587412587412588
143,Psidium,9,501,1.7964071856287425
137,Oxytropis,9,1284,0.7009345794392523
148,Carpinus,8,240,3.3333333333333335
146,Orobanche,8,1197,0.6683375104427736
147,Diospyros,8,1602,0.4993757802746567
149,Piper,8,4734,0.16899028305872413
162,Fagraea,8,224,3.5714285714285716
163,Herbertia,8,29,27.586206896551722
164,Taraxacum,8,3385,0.2363367799113737
165,Nigritella,8,99,8.080808080808081
166,Armeria,8,880,0.9090909090909091
151,Uragoga,8,1041,0.7684918347742555
152,Aster,8,2848,0.2808988764044944
153,Begonia,8,3342,0.23937761819269898
150,Dryopteris,8,3145,0.2543720190779014
154,Antirrhinum,8,621,1.288244766505636
155,Malvastrum,8,312,2.5641025641025643
157,Glandularia,8,136,5.882352941176471
156,Mespilus,8,438,1.82648401826484
158,Lippia,8,598,1.3377926421404682
159,Luisia,8,93,8.602150537634408
161,Geranium,8,1857,0.4308023694130318
145,Grammitis,8,940,0.851063829787234
170,Photinia,8,263,3.041825095057034
169,Leymus,8,153,5.228758169934641
168,Monardella,8,191,4.18848167539267
167,Papaver,8,1077,0.7428040854224698
160,Inga,8,918,0.8714596949891068
171,Minuartia,8,602,1.3289036544850499
144,Eleocharis,8,958,0.8350730688935282
173,Saussurea,7,1096,0.6386861313868614
178,Scabiosa,7,896,0.78125
177,Ulmus,7,590,1.1864406779661016
175,Leucanthemum,7,309,2.26537216828479
174,Acer,7,2230,0.31390134529147984
172,Callitriche,7,414,1.6908212560386473
179,Corymbia,7,148,4.72972972972973
181,Ilex,7,1873,0.37373198077949815
180,Galactia,7,351,1.9943019943019944
195,Justicia,7,2217,0.31574199368516015
196,Rebutia,7,387,1.8087855297157622
197,Alchemilla,7,2078,0.3368623676612127
198,Tanacetum,7,521,1.3435700575815739
183,Echinocactus,7,995,0.7035175879396985
184,Baptisia,7,100,7.0
185,Cordia,7,870,0.8045977011494253
182,Scrophularia,7,913,0.7667031763417306
186,Iris,7,1650,0.42424242424242425
187,Adiantum,7,974,0.7186858316221766
189,Cephalomanes,7,47,14.893617021276595
188,Schivereckia,7,17,41.1764705882353
190,Ficus,7,3898,0.17957927142124167
191,Vanda,7,235,2.978723404255319
193,Stoebe,7,87,8.045977011494253
194,Gentiana,7,2437,0.2872384078785392
199,Cytisus,7,913,0.7667031763417306
176,Arenaria,7,1669,0.4194128220491312
192,Hemiandra,7,25,28.0
212,Cyperus,6,4091,0.14666340747983378
210,Horridocactus,6,37,16.216216216216218
211,Rostellularia,6,95,6.315789473684211
213,Tamus,6,21,28.571428571428573
214,Urginea,6,170,3.5294117647058822
218,Peperomia,6,3221,0.18627755355479664
219,Melica,6,624,0.9615384615384616
221,Cassytha,6,95,6.315789473684211
220,Madronella,6,48,12.5
222,Micromeria,6,427,1.405152224824356
223,Vera-duthiea,6,12,50.0
225,Kuhnia,6,63,9.523809523809524
226,Chloranthus,6,64,9.375
227,Juncus,6,2170,0.2764976958525346
228,Citrus,6,714,0.8403361344537815
229,Eritrichium,6,362,1.6574585635359116
230,Sagina,6,294,2.0408163265306123
215,Matricaria,6,281,2.1352313167259784
216,Ulex,6,209,2.8708133971291865
217,Plantago,6,1880,0.3191489361702128
201,Callista,6,399,1.5037593984962405
202,Selaginella,6,1770,0.3389830508474576
203,Crepidomanes,6,119,5.042016806722689
205,Bulbophyllum,6,3385,0.17725258493353027
204,Alsophila,6,900,0.6666666666666666
206,Crassula,6,969,0.6191950464396285
207,Eriogonum,6,1422,0.4219409282700422
209,Microstylis,6,464,1.293103448275862
200,Rhodiola,6,219,2.73972602739726
224,Linaria,6,1356,0.4424778761061947
208,Kalanchoe,6,486,1.2345679012345678
239,Odontites,5,211,2.3696682464454977
241,Sorbus,5,1304,0.3834355828220859
242,Angraecum,5,609,0.8210180623973727
237,Cirsium,5,1923,0.26001040041601664
235,Blechnum,5,709,0.7052186177715092
234,Lonchocarpus,5,390,1.2820512820512822
232,Androsace,5,615,0.8130081300813008
233,Mimosa,5,2117,0.23618327822390175
231,Lomaria,5,315,1.5873015873015872
238,Hibbertia,5,567,0.8818342151675485
236,Chilita,5,113,4.424778761061947
243,Cynanchum,5,1040,0.4807692307692308
245,Koeleria,5,910,0.5494505494505495
244,Agropyron,5,1087,0.45998160073597055
259,Solidago,5,1009,0.49554013875123887
260,Pithecellobium,5,543,0.9208103130755064
261,Tephroseris,5,168,2.9761904761904763
262,Crepis,5,1032,0.4844961240310077
247,Cerastium,5,1600,0.3125
248,Cotoneaster,5,804,0.6218905472636815
249,Lycopodium,5,1171,0.4269854824935952
246,Glyceria,5,383,1.3054830287206267
250,Phacelia,5,699,0.7153075822603719
251,Brickellia,5,275,1.8181818181818181
253,Verbascum,5,1615,0.30959752321981426
252,Varronia,5,267,1.8726591760299625
254,Calea,5,340,1.4705882352941178
255,Draba,5,1848,0.27056277056277056
257,Stipa,5,1443,0.3465003465003465
258,Ternstroemia,5,312,1.6025641025641026
274,Desmodium,5,979,0.5107252298263534
273,Dammara,5,34,14.705882352941176
240,Ardisia,5,1608,0.31094527363184077
271,Cacalia,5,932,0.5364806866952789
270,Attalea,5,127,3.937007874015748
269,Cactus,5,673,0.7429420505200595
268,Baissea,5,58,8.620689655172415
267,Hedypnois,5,72,6.944444444444445
266,Portulaca,5,539,0.9276437847866419
265,Polemonium,5,306,1.6339869281045751
264,Scorzonera,5,582,0.8591065292096219
263,Polystichum,5,1152,0.4340277777777778
279,Malacothamnus,5,41,12.195121951219512
275,Acorus,5,53,9.433962264150944
277,Paepalanthus,5,958,0.5219206680584552
276,Fimbristylis,5,1077,0.46425255338904364
289,Potamogeton,5,1418,0.3526093088857546
256,Agrostis,5,2024,0.24703557312252963
287,Galium,5,3101,0.16123831022250887
286,Heliotropium,5,990,0.5050505050505051
284,Vitex,5,723,0.6915629322268326
285,Fagus,5,219,2.2831050228310503
283,Notocactus,5,403,1.2406947890818858
282,Geodorum,5,39,12.820512820512821
278,Aristida,5,1058,0.4725897920604915
281,Amanoa,5,54,9.25925925925926
280,Cyanococcus,5,23,21.73913043478261
290,Phalaenopsis,5,385,1.2987012987012987
291,Isanthus,5,7,71.42857142857143
292,Paspalum,5,1378,0.36284470246734396
272,Aspidosperma,5,219,2.2831050228310503
288,Trillium,5,285,1.7543859649122806
302,Pediocactus,4,125,3.2
303,Ottonia,4,111,3.6036036036036037
301,Ocotea,4,885,0.4519774011299435
298,Melandrium,4,286,1.3986013986013985
299,Hydnora,4,27,14.814814814814815
300,Agathis,4,52,7.6923076923076925
296,Leontodon,4,455,0.8791208791208791
295,Angelica,4,420,0.9523809523809523
294,Cystopteris,4,193,2.0725388601036268
297,Acrodiclidium,4,65,6.153846153846154
293,Davallia,4,462,0.8658008658008658
317,Eriocephalus,4,75,5.333333333333333
318,Satureja,4,755,0.5298013245033113
319,Corydalis,4,1346,0.2971768202080238
335,Mecodium,4,131,3.053435114503817
334,Melampyrum,4,306,1.3071895424836601
333,Habenaria,4,2043,0.19579050416054822
316,Epidendrum,4,3089,0.12949174490126256
315,Serapias,4,400,1.0
314,Vincetoxicum,4,679,0.5891016200294551
313,Alophia,4,26,15.384615384615385
312,Philadelphus,4,353,1.13314447592068
311,Onosma,4,558,0.7168458781362007
310,Fumana,4,140,2.857142857142857
309,Memorialis,4,33,12.121212121212121
308,Melocactus,4,439,0.9111617312072893
307,Sonchus,4,533,0.7504690431519699
306,Atropis,4,156,2.5641025641025643
305,Alona,4,34,11.764705882352942
304,Didymoglossum,4,115,3.4782608695652173
327,Coptis,4,54,7.407407407407407
326,Vanilla,4,235,1.702127659574468
325,Tithymalus,4,753,0.5312084993359893
332,Lindsaea,4,583,0.6861063464837049
331,Dicranopteris,4,138,2.898550724637681
330,Botrychium,4,316,1.2658227848101267
329,Typha,4,211,1.8957345971563981
328,Castela,4,38,10.526315789473685
323,Coprosma,4,263,1.520912547528517
322,Mentha,4,2779,0.1439366678661389
321,Linum,4,1035,0.3864734299516908
324,Calandrinia,4,348,1.1494252873563218
320,Baccharis,4,1292,0.30959752321981426
349,Narcissus,4,1118,0.35778175313059035
350,Vaseyanthus,4,9,44.44444444444444
351,Ruschia,4,447,0.8948545861297539
380,Marattia,4,99,4.040404040404041
377,Echinopsis,4,595,0.6722689075630253
378,Galarhoeus,4,179,2.2346368715083798
348,Pourthiaea,4,79,5.063291139240507
347,Cleistocactus,4,162,2.4691358024691357
346,Gymnocalycium,4,536,0.746268656716418
345,Ipomoea,4,2724,0.14684287812041116
344,Microlicia,4,435,0.9195402298850575
343,Knautia,4,414,0.966183574879227
342,Phaseolus,4,1005,0.39800995024875624
341,Tillandsia,4,1729,0.2313475997686524
340,Dendranthema,4,112,3.5714285714285716
339,Antitaxis,4,8,50.0
338,Clematis,4,1999,0.2001000500250125
337,Asparagus,4,575,0.6956521739130435
336,Leucojum,4,50,8.0
367,Paronychia,4,471,0.8492569002123143
366,Pinalia,4,323,1.238390092879257
365,Cistus,4,750,0.5333333333333333
364,Asclepias,4,824,0.4854368932038835
363,Aristolochia,4,1069,0.37418147801683815
362,Erica,4,2640,0.15151515151515152
361,Epilobium,4,1419,0.28188865398167723
360,Cynosurus,4,149,2.684563758389262
359,Commelina,4,741,0.5398110661268556
358,Eragrostis,4,1379,0.290065264684554
357,Metastelma,4,214,1.8691588785046729
356,Ischaemum,4,351,1.1396011396011396
355,Elatine,4,153,2.6143790849673203
354,Woodsia,4,192,2.0833333333333335
353,Fuchsia,4,334,1.1976047904191616
352,Brexia,4,26,15.384615384615385
371,Lithospermum,4,414,0.966183574879227
370,Allocarya,4,164,2.4390243902439024
369,Ptilagrostis,4,33,12.121212121212121
379,Xylobium,4,78,5.128205128205129
376,Lobivia,4,782,0.5115089514066496
373,Phalaris,4,250,1.6
374,Elaeocarpus,4,945,0.42328042328042326
375,Lepidium,4,977,0.4094165813715456
368,Salsola,4,702,0.5698005698005698
372,Caprifolium,4,177,2.2598870056497176
512,Tripleurospermum,3,87,3.4482758620689653
529,Cheirostylis,3,109,2.7522935779816513
528,Memecylon,3,712,0.42134831460674155
382,Inula,3,543,0.5524861878453039
381,Cudrania,3,25,12.0
383,Olearia,3,351,0.8547008547008547
399,Bergeranthus,3,27,11.11111111111111
398,Momisia,3,27,11.11111111111111
397,Tabernaemontana,3,480,0.625
396,Trichilia,3,516,0.5813953488372093
395,Phippsia,3,65,4.615384615384615
394,Deyeuxia,3,510,0.5882352941176471
393,Lepidagathis,3,259,1.1583011583011582
392,Chiropetalum,3,41,7.317073170731708
391,Loranthus,3,1546,0.19404915912031048
390,Hermannia,3,423,0.7092198581560284
389,Chrysocoma,3,171,1.7543859649122806
388,Conyza,3,802,0.3740648379052369
387,Drimia,3,201,1.492537313432836
386,Dicksonia,3,209,1.4354066985645932
385,Statice,3,847,0.3541912632821724
384,Syzygium,3,1644,0.18248175182481752
415,Didymochlaena,3,27,11.11111111111111
414,Fragaria,3,492,0.6097560975609756
413,Stillingia,3,180,1.6666666666666667
412,Sapindus,3,149,2.0134228187919465
411,Pogostemon,3,156,1.9230769230769231
410,Dracaena,3,620,0.4838709677419355
409,Lotus,3,913,0.32858707557502737
408,Gabunia,3,16,18.75
407,Sterculia,3,496,0.6048387096774194
406,Brachyscome,3,219,1.36986301369863
405,Morinda,3,269,1.1152416356877324
404,Asarum,3,317,0.9463722397476341
403,Yucca,3,499,0.6012024048096193
402,Calanthe,3,645,0.46511627906976744
401,Thuranthos,3,20,15.0
400,Berberis,3,1548,0.1937984496124031
431,Spigelia,3,177,1.694915254237288
430,Specklinia,3,538,0.5576208178438662
429,Adonis,3,241,1.2448132780082988
428,Myrica,3,210,1.4285714285714286
427,Calliandra,3,493,0.6085192697768763
426,Racosperma,3,1118,0.26833631484794274
425,Urostigma,3,320,0.9375
424,Musa,3,467,0.6423982869379015
423,Malveopsis,3,89,3.3707865168539324
422,Lauradia,3,16,18.75
421,Acrostichum,3,900,0.3333333333333333
420,Salvia,3,2752,0.10901162790697674
419,Pygeum,3,184,1.6304347826086956
418,Struthiola,3,128,2.34375
417,Chasmanthium,3,10,30.0
416,Scheelea,3,63,4.761904761904762
447,Hedysarum,3,1053,0.2849002849002849
446,Trichipteris,3,98,3.061224489795918
445,Meringium,3,62,4.838709677419355
444,Prosopis,3,166,1.8072289156626506
443,Aquilegia,3,797,0.37641154328732745
442,Elaeagia,3,37,8.108108108108109
441,Filipendula,3,119,2.5210084033613445
440,Turritis,3,94,3.1914893617021276
439,Polyalthia,3,365,0.821917808219178
438,Lecanthus,3,18,16.666666666666668
437,Polygonella,3,30,10.0
436,Teucrium,3,1213,0.247320692497939
435,Nothoscordum,3,159,1.8867924528301887
434,Stelis,3,1737,0.17271157167530224
433,Helichrysum,3,1529,0.1962066710268149
432,Leptospermum,3,302,0.9933774834437086
463,Indigofera,3,1794,0.16722408026755853
462,Epacris,3,221,1.3574660633484164
461,Apostasia,3,25,12.0
460,Hypericum,3,2224,0.13489208633093525
459,Dendrophthora,3,191,1.5706806282722514
458,Limonium,3,1080,0.2777777777777778
457,Cupaniopsis,3,110,2.727272727272727
456,Faramea,3,333,0.9009009009009009
455,Stachytarpheta,3,285,1.0526315789473684
454,Nuphar,3,112,2.6785714285714284
453,Pycnarrhena,3,29,10.344827586206897
452,Sphaeralcea,3,260,1.1538461538461537
451,Bletia,3,218,1.3761467889908257
450,Rhynchospora,3,1117,0.26857654431512984
449,Geum,3,514,0.5836575875486382
448,Aerangis,3,125,2.4
479,Triticum,3,1396,0.2148997134670487
478,Onosmodium,3,40,7.5
477,Gilia,3,722,0.4155124653739612
476,Ononis,3,992,0.3024193548387097
475,Gentianella,3,562,0.5338078291814946
474,Arachniodes,3,243,1.2345679012345678
473,Hyrtanandra,3,15,20.0
472,Anacampseros,3,202,1.4851485148514851
471,Cieca,3,66,4.545454545454546
470,Dipladenia,3,119,2.5210084033613445
469,Tephrocactus,3,198,1.5151515151515151
468,Cupania,3,266,1.1278195488721805
467,Hydrangea,3,502,0.5976095617529881
466,Cynoglossum,3,566,0.5300353356890459
465,Cereus,3,1308,0.22935779816513763
464,Tritonia,3,144,2.0833333333333335
495,Pteris,3,1334,0.22488755622188905
494,Vandenboschia,3,68,4.411764705882353
493,Seriphium,3,54,5.555555555555555
492,Aloe,3,1516,0.19788918205804748
491,Arundinella,3,201,1.492537313432836
490,Cyclosorus,3,657,0.45662100456621
489,Trifurcia,3,10,30.0
488,Chenopodium,3,1214,0.2471169686985173
487,Barclaya,3,9,33.333333333333336
486,Rhamnus,3,1027,0.2921129503407984
485,Popowia,3,161,1.8633540372670807
484,Litsea,3,860,0.3488372093023256
483,Anemone,3,1167,0.2570694087403599
482,Diuris,3,158,1.8987341772151898
481,Dioclea,3,106,2.830188679245283
480,Feuilleea,3,420,0.7142857142857143
511,Populus,3,791,0.37926675094816686
510,Anthemis,3,888,0.33783783783783783
509,Phleum,3,252,1.1904761904761905
508,Gleichenia,3,292,1.0273972602739727
507,Plagiobothrys,3,169,1.7751479289940828
506,Spergularia,3,383,0.783289817232376
505,Caragana,3,298,1.0067114093959733
504,Stellaria,3,967,0.31023784901758017
503,Alsine,3,631,0.4754358161648177
502,Ebnerella,3,83,3.6144578313253013
501,Schinus,3,154,1.948051948051948
500,Fagara,3,464,0.646551724137931
499,Rhinanthus,3,358,0.8379888268156425
498,Calopyxis,3,25,12.0
497,Pratia,3,77,3.896103896103896
496,Persicaria,3,610,0.4918032786885246
527,Encyclia,3,481,0.6237006237006237
526,Hydrocotyle,3,586,0.5119453924914675
525,Ruellia,3,1155,0.2597402597402597
524,Fissistigma,3,106,2.830188679245283
523,Gladiolus,3,983,0.3051881993896236
522,Cicuta,3,85,3.5294117647058822
521,Angiopteris,3,226,1.3274336283185841
520,Isoetes,3,480,0.625
519,Echeveria,3,502,0.5976095617529881
518,Elionurus,3,84,3.5714285714285716
517,Zingiber,3,328,0.9146341463414634
516,Crotalaria,3,1857,0.16155088852988692
515,Neomammillaria,3,320,0.9375
514,Nasturtium,3,457,0.6564551422319475
513,Aspidistra,3,254,1.1811023622047243
530,Vicia,3,1504,0.19946808510638298
720,Beatonia,2,9,22.22222222222222
721,Homalobus,2,88,2.272727272727273
722,Parentucellia,2,10,20.0
723,Xyris,2,709,0.2820874471086037
724,Ponerorchis,2,83,2.4096385542168677
725,Lewisia,2,68,2.9411764705882355
726,Chamaesyce,2,523,0.3824091778202677
695,Piptadenia,2,153,1.3071895424836601
817,Lithocardium,2,222,0.9009009009009009
697,Philibertia,2,113,1.7699115044247788
698,Molinia,2,106,1.8867924528301887
699,Pleurostachys,2,88,2.272727272727273
700,Tigridia,2,97,2.0618556701030926
701,Aeschynanthus,2,285,0.7017543859649122
702,Aeonium,2,186,1.075268817204301
703,Hebe,2,219,0.91324200913242
704,Stauracanthus,2,27,7.407407407407407
696,Tridens,2,44,4.545454545454546
733,Tetrapterys,2,267,0.7490636704119851
734,Talisia,2,95,2.1052631578947367
735,Monnina,2,303,0.6600660066006601
736,Anathallis,2,217,0.9216589861751152
737,Maesa,2,344,0.5813953488372093
738,Lagenophora,2,77,2.5974025974025974
739,Porrum,2,26,7.6923076923076925
740,Lamourouxia,2,64,3.125
719,Atocion,2,14,14.285714285714286
742,Gymnosporia,2,303,0.6600660066006601
711,Bunium,2,236,0.847457627118644
712,Wormia,2,72,2.7777777777777777
713,Odontoglossum,2,582,0.3436426116838488
714,Aspalathus,2,697,0.28694404591104733
715,Biophytum,2,127,1.5748031496062993
716,Barleria,2,617,0.3241491085899514
717,Sempervivum,2,640,0.3125
718,Aubrieta,2,78,2.5641025641025643
741,Derris,2,253,0.7905138339920948
693,Hordeum,2,562,0.35587188612099646
694,Anadenanthera,2,9,22.22222222222222
663,Crucifera,2,169,1.183431952662722
664,Laphamia,2,48,4.166666666666667
665,Linociera,2,233,0.8583690987124464
666,Sinapis,2,220,0.9090909090909091
667,Trochocephalus,2,53,3.7735849056603774
668,Leucopogon,2,379,0.5277044854881267
705,Diplazium,2,1044,0.19157088122605365
670,Isochilus,2,40,5.0
671,Jatropha,2,606,0.33003300330033003
672,Lacinaria,2,128,1.5625
673,Hesperis,2,565,0.35398230088495575
674,Aillya,2,5,40.0
675,Leptorkis,2,145,1.3793103448275863
676,Hakea,2,783,0.2554278416347382
677,Salicornia,2,261,0.7662835249042146
669,Cupressus,2,345,0.5797101449275363
706,Shawia,2,72,2.7777777777777777
707,Clinostigma,2,30,6.666666666666667
708,Oxydectes,2,577,0.3466204506065858
709,Jasminonerium,2,25,8.0
710,Bupleurum,2,1071,0.18674136321195145
679,Lomatium,2,225,0.8888888888888888
680,Chamaemelum,2,120,1.6666666666666667
681,Aegilops,2,470,0.425531914893617
692,Aniba,2,99,2.0202020202020203
683,Trifolium,2,1985,0.10075566750629723
684,Uniola,2,48,4.166666666666667
685,Hariota,2,73,2.73972602739726
686,Evax,2,72,2.7777777777777777
687,Liparis,2,816,0.24509803921568626
688,Vittaria,2,194,1.0309278350515463
689,Isotrema,2,115,1.7391304347826086
690,Monarda,2,134,1.492537313432836
691,Adhatoda,2,153,1.3071895424836601
682,Haplanthus,2,16,12.5
805,Dimorphorchis,2,18,11.11111111111111
806,Orthosiphon,2,221,0.9049773755656109
775,Phalaroides,2,14,14.285714285714286
776,Cryptocarya,2,556,0.3597122302158273
777,Rungia,2,125,1.6
778,Cycas,2,242,0.8264462809917356
779,Marsilea,2,180,1.1111111111111112
780,Ehretia,2,268,0.746268656716418
732,Stenochlaena,2,81,2.4691358024691357
782,Oenothera,2,1435,0.13937282229965156
783,Belloa,2,26,7.6923076923076925
784,Melodorum,2,101,1.9801980198019802
785,Spermacoce,2,673,0.2971768202080238
786,Huperzia,2,524,0.3816793893129771
787,Meibomia,2,414,0.4830917874396135
788,Maba,2,193,1.0362694300518134
789,Oxyacantha,2,41,4.878048780487805
781,Doria,2,68,2.9411764705882355
818,Calamus,2,1000,0.2
819,Pterostylis,2,378,0.5291005291005291
820,Symphyotrichum,2,232,0.8620689655172413
821,Calamagrostis,2,1382,0.1447178002894356
822,Combretum,2,911,0.21953896816684962
791,Collaea,2,50,4.0
792,Brachynema,2,7,28.571428571428573
793,Dioscorea,2,1555,0.12861736334405144
804,Nymphaea,2,484,0.4132231404958678
795,Cistanche,2,60,3.3333333333333335
796,Arachnis,2,42,4.761904761904762
797,Cinnamomum,2,747,0.2677376171352075
798,Lomandra,2,85,2.3529411764705883
799,Conohoria,2,16,12.5
800,Chamaecytisus,2,162,1.2345679012345678
801,Vigna,2,476,0.42016806722689076
802,Gonostegia,2,25,8.0
803,Retzia,2,7,28.571428571428573
794,Callilepis,2,13,15.384615384615385
746,Goniophlebium,2,207,0.966183574879227
747,Protea,2,698,0.28653295128939826
748,Macroglena,2,20,10.0
749,Cremolobus,2,19,10.526315789473685
750,Chusua,2,29,6.896551724137931
751,Doodia,2,60,3.3333333333333335
752,Alectorolophus,2,142,1.408450704225352
753,Notogrammitis,2,14,14.285714285714286
790,Trymalium,2,80,2.5
755,Epipactis,2,713,0.2805049088359046
756,Paullinia,2,391,0.5115089514066496
757,Dolichos,2,472,0.423728813559322
758,Pultenaea,2,318,0.6289308176100629
727,Dupatya,2,221,0.9049773755656109
728,Anoectochilus,2,167,1.1976047904191616
729,Parkia,2,85,2.3529411764705883
730,Canthium,2,504,0.3968253968253968
731,Carpodinus,2,67,2.985074626865672
754,Cylicodaphne,2,65,3.076923076923077
759,Dendrophthoe,2,134,1.492537313432836
760,Lilium,2,822,0.24330900243309003
761,Gamochaeta,2,89,2.247191011235955
762,Cuphea,2,759,0.2635046113306983
763,Casparya,2,37,5.405405405405405
764,Lankesteriana,2,26,7.6923076923076925
765,Celsia,2,176,1.1363636363636365
766,Ancistrocactus,2,16,12.5
745,Sympa,2,2,100.0
768,Pseudolysimachion,2,138,1.4492753623188406
769,Actinophloeus,2,22,9.090909090909092
770,Waldsteinia,2,24,8.333333333333334
771,Anatherum,2,54,3.7037037037037037
772,Cleistogenes,2,50,4.0
773,Ptychosperma,2,126,1.5873015873015872
774,Restrepia,2,142,1.408450704225352
743,Serruria,2,154,1.2987012987012987
744,Kengia,2,34,5.882352941176471
767,Elatostema,2,1044,0.19157088122605365
579,Lastrea,2,688,0.29069767441860467
580,Moraea,2,460,0.43478260869565216
581,Phyllorkis,2,279,0.7168458781362007
582,Alysicarpus,2,146,1.36986301369863
551,Polylepis,2,114,1.7543859649122806
552,Lycium,2,584,0.3424657534246575
553,Tripsacum,2,55,3.6363636363636362
554,Pseudognaphalium,2,137,1.4598540145985401
592,Ephedra,2,267,0.7490636704119851
556,Ktenosachne,2,2,100.0
557,Zanthoxylum,2,745,0.2684563758389262
558,Thomasia,2,65,3.076923076923077
559,Jussiaea,2,410,0.4878048780487805
560,Luehea,2,55,3.6363636363636362
561,Maclura,2,54,3.7037037037037037
562,Borreria,2,488,0.4098360655737705
563,Cerasus,2,753,0.2656042496679947
555,Redfieldia,2,7,28.571428571428573
593,Mitreola,2,34,5.882352941176471
594,Disocactus,2,53,3.7735849056603774
595,Cynorkis,2,321,0.6230529595015576
596,Drosera,2,538,0.37174721189591076
597,Mangifera,2,167,1.1976047904191616
598,Lobelia,2,1769,0.11305822498586772
567,Grewia,2,696,0.28735632183908044
568,Lysimachia,2,698,0.28653295128939826
578,Polianthes,2,56,3.5714285714285716
570,Serrulatocereus,2,2,100.0
571,Heteropterys,2,448,0.44642857142857145
572,Pleurandra,2,55,3.6363636363636362
573,Muhlenbergia,2,436,0.45871559633027525
574,Xanthosoma,2,269,0.7434944237918215
575,Hibiscus,2,1530,0.13071895424836602
576,Mariscus,2,632,0.31645569620253167
577,Monochilus,2,24,8.333333333333334
569,Erythraea,2,244,0.819672131147541
815,Anthurium,2,1859,0.10758472296933835
814,Mystacidium,2,113,1.7699115044247788
813,Anteriorchis,2,10,20.0
812,Torenia,2,185,1.0810810810810811
534,Genista,2,1023,0.19550342130987292
533,Vanieria,2,13,15.384615384615385
532,Sericocomopsis,2,15,13.333333333333334
531,Sansevieria,2,180,1.1111111111111112
564,Gomphrena,2,506,0.3952569169960474
826,Premna,2,427,0.468384074941452
825,Godetia,2,112,1.7857142857142858
824,Tarenaya,2,39,5.128205128205129
823,Cochemiea,2,56,3.5714285714285716
810,Ecbolium,2,345,0.5797101449275363
809,Anacamptis,2,212,0.9433962264150944
808,Capsella,2,477,0.4192872117400419
807,Castelaria,2,11,18.181818181818183
811,Pluchea,2,194,1.0309278350515463
565,Microlaena,2,23,8.695652173913043
566,Schismatoglottis,2,293,0.6825938566552902
535,Euploca,2,187,1.0695187165775402
536,Zeuxine,2,192,1.0416666666666667
537,Frasera,2,57,3.508771929824561
538,Rheedia,2,88,2.272727272727273
539,Ferocactus,2,170,1.1764705882352942
540,Exacum,2,192,1.0416666666666667
816,Colymbada,2,126,1.5873015873015872
542,Carlina,2,231,0.8658008658008658
543,Cannomois,2,23,8.695652173913043
544,Procris,2,125,1.6
545,Cercocarpus,2,77,2.5974025974025974
546,Aphanes,2,44,4.545454545454546
547,Periloba,2,10,20.0
548,Tetracera,2,218,0.9174311926605505
549,Peucedanum,2,832,0.2403846153846154
550,Scilla,2,632,0.31645569620253167
541,Dorema,2,26,7.6923076923076925
634,Ozothamnus,2,94,2.127659574468085
635,Philodendron,2,882,0.22675736961451248
636,Pleurospermum,2,118,1.694915254237288
637,Robinsonia,2,16,12.5
638,Doronicum,2,210,0.9523809523809523
639,Apargia,2,97,2.0618556701030926
640,Diasperus,2,498,0.40160642570281124
641,Rhagadiolus,2,39,5.128205128205129
619,Coryphantha,2,257,0.7782101167315175
643,Notodon,2,5,40.0
644,Trianthema,2,91,2.197802197802198
645,Sisymbrium,2,933,0.21436227224008575
646,Cladium,2,179,1.1173184357541899
615,Ligusticum,2,371,0.5390835579514824
616,Crinum,2,475,0.42105263157894735
617,Vallisneria,2,55,3.6363636363636362
618,Paradavallodes,2,5,40.0
642,Petalonyx,2,12,16.666666666666668
678,Quassia,2,63,3.1746031746031744
648,Guajava,2,98,2.0408163265306123
649,Arctium,2,299,0.6688963210702341
650,Onopordum,2,237,0.8438818565400844
651,Cnicus,2,377,0.5305039787798409
652,Myrsine,2,541,0.36968576709796674
653,Danthonia,2,436,0.45871559633027525
654,Cleisostoma,2,254,0.7874015748031497
633,Hippocrepis,2,190,1.0526315789473684
656,Syntherisma,2,90,2.2222222222222223
657,Eriolobus,2,10,20.0
658,Miconia,2,2553,0.07833920877399138
659,Oliganthes,2,30,6.666666666666667
660,Euzomum,2,6,33.333333333333336
661,Gongora,2,134,1.492537313432836
662,Tetranthera,2,276,0.7246376811594203
631,Athyrium,2,1090,0.1834862385321101
632,Rumex,2,1298,0.15408320493066255
655,Tibouchina,2,481,0.4158004158004158
607,Hylotelephium,2,93,2.150537634408602
608,Othonna,2,261,0.7662835249042146
609,Neochilenia,2,78,2.5641025641025643
610,Buchanania,2,97,2.0618556701030926
611,Tillaea,2,115,1.7391304347826086
612,Corispermum,2,191,1.0471204188481675
613,Chrysosplenium,2,284,0.704225352112676
614,Chaenorhinum,2,169,1.183431952662722
606,Oligosporus,2,103,1.941747572815534
584,Paraspalathus,2,59,3.389830508474576
585,Colysis,2,109,1.834862385321101
586,Arduina,2,19,10.526315789473685
587,Rostellaria,2,20,10.0
588,Loxogramme,2,81,2.4691358024691357
589,Amphidesmium,2,6,33.333333333333336
590,Bellis,2,98,2.0408163265306123
647,Matayba,2,86,2.3255813953488373
583,Caladenia,2,511,0.3913894324853229
591,Nertera,2,32,6.25
621,Agrosinapis,2,2,100.0
622,Navarretia,2,242,0.8264462809917356
623,Lithops,2,176,1.1363636363636365
624,Chytroma,2,52,3.8461538461538463
625,Maytenus,2,481,0.4158004158004158
626,Cryptantha,2,425,0.47058823529411764
627,Cojoba,2,41,4.878048780487805
628,Bernardia,2,179,1.1173184357541899
629,Adesmia,2,435,0.45977011494252873
630,Mappia,2,49,4.081632653061225
599,Octomeria,2,246,0.8130081300813008
600,Lycopodioides,2,360,0.5555555555555556
601,Centaurium,2,331,0.6042296072507553
602,Carduncellus,2,88,2.272727272727273
603,Senegalia,2,335,0.5970149253731343
604,Crocus,2,888,0.22522522522522523
620,Moronobea,2,21,9.523809523809524
605,Picridium,2,45,4.444444444444445
1559,Martiusella,1,4,25.0
1589,Cyathocalyx,1,54,1.8518518518518519
1560,Phyllotaenium,1,4,25.0
1561,Trias,1,35,2.857142857142857
1562,Cirrhopetalum,1,253,0.3952569169960474
1563,Asperula,1,730,0.136986301369863
1564,Achrouteria,1,3,33.333333333333336
1565,Beauverdia,1,17,5.882352941176471
1566,Ipheion,1,32,3.125
1567,Sieglingia,1,57,1.7543859649122806
1568,Tricuspis,1,30,3.3333333333333335
1569,Triodia,1,188,0.5319148936170213
1570,Uralepis,1,34,2.9411764705882355
1572,Vandopsis,1,30,3.3333333333333335
1590,Pogonospermum,1,3,33.333333333333336
1601,Rhodostegiella,1,3,33.333333333333336
1603,Amphistelma,1,23,4.3478260869565215
1604,Tassadia,1,55,1.8181818181818181
1605,Pseudosarcolobus,1,2,50.0
1606,Schwannia,1,11,9.090909090909092
1575,Falona,1,6,16.666666666666668
1576,Trisetaria,1,78,1.2820512820512822
1577,Lasiagrostis,1,26,3.8461538461538463
1578,Trisetum,1,614,0.16286644951140064
1571,Tridentopsis,1,5,20.0
1580,Typhoides,1,7,14.285714285714286
1581,Oryza,1,434,0.2304147465437788
1582,Sinobambusa,1,44,2.272727272727273
1583,Panicularia,1,68,1.4705882352941178
1584,Chrysurus,1,11,9.090909090909092
1585,Burmannia,1,138,0.7246376811594203
1586,Siccobaccatus,1,6,16.666666666666668
1587,Geocarpon,1,2,50.0
1588,Meiogyne,1,49,2.0408163265306123
1579,Baldingera,1,10,10.0
1527,Bryophyllum,1,64,1.5625
1528,Placus,1,61,1.639344262295082
1529,Armeniaca,1,102,0.9803921568627451
1530,Franca,1,17,5.882352941176471
1531,Turrita,1,15,6.666666666666667
1532,Maquira,1,11,9.090909090909092
1533,Pectocarya,1,34,2.9411764705882355
1534,Omphalodes,1,106,0.9433962264150944
1602,Amblystigma,1,9,11.11111111111111
1536,Diodia,1,161,0.6211180124223602
1537,Deparia,1,161,0.6211180124223602
1538,Nephrodium,1,1230,0.08130081300813008
1539,Leachia,1,14,7.142857142857143
1540,Andreettaea,1,2,50.0
1541,Zedoaria,1,1,100.0
1542,Tamala,1,9,11.11111111111111
1512,Holtonia,1,2,50.0
1535,Staphidium,1,58,1.7241379310344827
1573,Pandanus,1,1416,0.07062146892655367
1574,Lazarum,1,2,50.0
1543,Carthamodes,1,9,11.11111111111111
1544,Austrocylindropuntia,1,53,1.8867924528301887
1545,Hilliardiella,1,14,7.142857142857143
1546,Anemonoides,1,61,1.639344262295082
1547,Dendrochilum,1,401,0.24937655860349128
1548,Vappodes,1,9,11.11111111111111
1558,Ragala,1,5,20.0
1550,Exorrhiza,1,10,10.0
1551,Fibrocentrum,1,2,50.0
1552,Cornuella,1,2,50.0
1553,Leptosyne,1,23,4.3478260869565215
1554,Prieurella,1,7,14.285714285714286
1555,Chilocarpus,1,49,2.0408163265306123
1556,Caperonia,1,75,1.3333333333333333
1557,Chloroluma,1,5,20.0
1549,Hemiperis,1,22,4.545454545454546
1644,Montbretia,1,44,2.272727272727273
1645,Romulea,1,418,0.23923444976076555
1646,Callitris,1,83,1.2048192771084338
1647,Sideritis,1,886,0.11286681715575621
1648,Sarcanthus,1,204,0.49019607843137253
1649,Rhododon,1,3,33.333333333333336
1650,Stachydeoma,1,5,20.0
1651,Rauvolfia,1,239,0.41841004184100417
1511,Gymnostillingia,1,4,25.0
1653,Mapouria,1,203,0.49261083743842365
1654,Prunella,1,189,0.5291005291005291
1623,Ptilanthelium,1,4,25.0
1624,Nidularium,1,182,0.5494505494505495
1625,Cryptophoranthus,1,47,2.127659574468085
1626,Metrosideros,1,283,0.35335689045936397
1627,Tulipa,1,582,0.1718213058419244
1628,Trachynia,1,7,14.285714285714286
1652,Proteroceras,1,2,50.0
1657,Neolabatia,1,8,12.5
1659,Richardella,1,32,3.125
1660,Gayella,1,3,33.333333333333336
1661,Radlkoferella,1,30,3.3333333333333335
1662,Eglerodendron,1,2,50.0
1663,Labatia,1,43,2.3255813953488373
1664,Englerella,1,3,33.333333333333336
1665,Rhodocalyx,1,15,6.666666666666667
1643,Sisyrinchium,1,603,0.16583747927031509
1667,Asterochaete,1,9,11.11111111111111
1668,Tripogandra,1,41,2.4390243902439024
1669,Schoenus,1,500,0.2
1670,Afrothismia,1,19,5.2631578947368425
1639,Chionanthus,1,273,0.3663003663003663
1640,Ligustrina,1,13,7.6923076923076925
1641,Syringa,1,305,0.32786885245901637
1642,Hosta,1,270,0.37037037037037035
1666,Acinax,1,1,100.0
1616,Cynodon,1,140,0.7142857142857143
1617,Autonoe,1,7,14.285714285714286
1618,Miersia,1,15,6.666666666666667
1619,Ledebouria,1,100,1.0
1620,Chaetospora,1,97,1.0309278350515463
1621,Heleogiton,1,11,9.090909090909092
1622,Restrepiella,1,19,5.2631578947368425
1591,Ledothamnus,1,18,5.555555555555555
1629,Triathera,1,7,14.285714285714286
1593,Lappula,1,291,0.3436426116838488
1594,Eucarpha,1,1,100.0
1595,Sarcostemma,1,120,0.8333333333333334
1596,Cottsia,1,5,20.0
1597,Fimbriaria,1,5,20.0
1598,Nomocharis,1,34,2.9411764705882355
1599,Paeonia,1,479,0.20876826722338204
1600,Alsinastrum,1,10,10.0
1592,Echinospermum,1,160,0.625
1630,Bouteloua,1,163,0.6134969325153374
1631,Acratherum,1,4,25.0
1632,Salmasia,1,14,7.142857142857143
1633,Metasasa,1,3,33.333333333333336
1634,Acidosasa,1,28,3.5714285714285716
1635,Tetraclis,1,4,25.0
1636,Widdringtonia,1,22,4.545454545454546
1637,Ixia,1,477,0.20964360587002095
1615,Behria,1,2,50.0
1607,Syrianthus,1,6,16.666666666666668
1608,Eschweilera,1,214,0.4672897196261682
1609,Tricyrtis,1,87,1.1494252873563218
1610,Thysanotus,1,92,1.0869565217391304
1611,Albuca,1,276,0.36231884057971014
1612,Ornithogalum,1,984,0.1016260162601626
1613,Indurgia,1,11,9.090909090909092
1614,Pleomele,1,121,0.8264462809917356
1638,Ligustrum,1,370,0.2702702702702703
1443,Didymotheca,1,10,10.0
1444,Bonduc,1,4,25.0
1445,Tetrapodenia,1,2,50.0
1446,Echinocystis,1,42,2.380952380952381
1415,Babactes,1,3,33.333333333333336
1416,Desmos,1,77,1.2987012987012987
1417,Unona,1,229,0.4366812227074236
1658,Pseudolabatia,1,8,12.5
1419,Pleurolobus,1,22,4.545454545454546
1420,Oxydium,1,2,50.0
1421,Dufrenoya,1,15,6.666666666666667
1422,Ganitrus,1,4,25.0
1423,Equisetum,1,708,0.14124293785310735
1424,Lasiarrhenum,1,6,16.666666666666668
1425,Sorema,1,15,6.666666666666667
1426,Cubelium,1,4,25.0
1418,Annona,1,366,0.273224043715847
1457,Antiphytum,1,23,4.3478260869565215
1458,Chamissoniophila,1,3,33.333333333333336
1459,Anchusa,1,355,0.28169014084507044
1460,Eustylis,1,9,11.11111111111111
1461,Lathriogyna,1,4,25.0
1462,Amphithalea,1,64,1.5625
1431,Hebenstretia,1,70,1.4285714285714286
1432,Lenbrassia,1,3,33.333333333333336
1442,Bonplandia,1,16,6.25
1434,Guioa,1,115,0.8695652173913043
1435,Micropuntia,1,10,10.0
1436,Goniothalamus,1,205,0.4878048780487805
1437,Robertium,1,11,9.090909090909092
1438,Gentianopsis,1,65,1.5384615384615385
1439,Gelsemium,1,9,11.11111111111111
1440,Besleria,1,312,0.32051282051282054
1441,Rhinostigma,1,3,33.333333333333336
1433,Jordania,1,3,33.333333333333336
1414,Lepidamphora,1,2,50.0
1383,Zaleya,1,13,7.6923076923076925
1384,Altamiranoa,1,44,2.272727272727273
1385,Glycosmis,1,179,0.5586592178770949
1386,Bonarota,1,3,33.333333333333336
1387,Urtica,1,797,0.12547051442910917
1388,Tetrastemma,1,6,16.666666666666668
1389,Meyenia,1,13,7.6923076923076925
1427,Neisandra,1,2,50.0
1391,Toumeya,1,17,5.882352941176471
1392,Tuberaria,1,114,0.8771929824561403
1393,Rhysopterus,1,4,25.0
1394,Phellopterus,1,14,7.142857142857143
1395,Rhododendron,1,3447,0.02901073397156948
1396,Gymnorebutia,1,10,10.0
1397,Gymnantha,1,2,50.0
1398,Setirebutia,1,3,33.333333333333336
1390,Echinorebutia,1,1,100.0
1428,Hemistemma,1,13,7.6923076923076925
1429,Heuchera,1,250,0.4
1430,Banisteria,1,375,0.26666666666666666
1399,Cylindrorebutia,1,6,16.666666666666668
1400,Spegazzinia,1,4,25.0
1401,Diplotaxis,1,313,0.3194888178913738
1402,Siphonidium,1,2,50.0
1403,Anagosperma,1,2,50.0
1413,Discocactus,1,110,0.9090909090909091
1405,Esterhazya,1,17,5.882352941176471
1406,Erythroxylum,1,566,0.17667844522968199
1407,Cheiranthus,1,280,0.35714285714285715
1408,Salacia,1,573,0.17452006980802792
1409,Elaeodendron,1,150,0.6666666666666666
1410,Aceratium,1,38,2.6315789473684212
1411,Alternanthera,1,471,0.21231422505307856
1412,Homalocephala,1,6,16.666666666666668
1404,Evolvulus,1,378,0.26455026455026454
1499,Vonitra,1,7,14.285714285714286
1500,Neodypsis,1,17,5.882352941176471
1501,Antongilia,1,2,50.0
1502,Phlogella,1,2,50.0
1503,Chrysalidocarpus,1,36,2.7777777777777777
1504,Dolicholobium,1,45,2.2222222222222223
1505,Tithymalopsis,1,24,4.166666666666667
1506,Schoenomorphus,1,2,50.0
1456,Arctostaphylos,1,388,0.25773195876288657
1508,Cryptorchis,1,2,50.0
1509,Sarcochilus,1,256,0.390625
1510,Syngonium,1,79,1.2658227848101267
1479,Pourretia,1,35,2.857142857142857
1480,Castilleja,1,653,0.15313935681470137
1481,Calpurnia,1,28,3.5714285714285716
1482,Calceolaria,1,900,0.1111111111111111
1483,Echyrospermum,1,1,100.0
1507,Tubella,1,81,1.2345679012345678
1513,Diothonea,1,19,5.2631578947368425
1514,Baeckea,1,168,0.5952380952380952
1515,Achroanthes,1,18,5.555555555555555
1516,Drymophloeus,1,43,2.3255813953488373
1517,Platanthera,1,654,0.1529051987767584
1518,Biermannia,1,43,2.3255813953488373
1519,Oxera,1,65,1.5384615384615385
1520,Clitandra,1,47,2.127659574468085
1498,Macrophloga,1,2,50.0
1522,Nothomyrcia,1,3,33.333333333333336
1523,Sideroxylon,1,461,0.21691973969631237
1524,Malouetia,1,62,1.6129032258064515
1525,Cameraria,1,23,4.3478260869565215
1526,Sabal,1,74,1.3513513513513513
1495,Eriochiton,1,2,50.0
1496,Agaloma,1,32,3.125
1497,Myrciaria,1,159,0.6289308176100629
1521,Notylia,1,110,0.9090909090909091
1471,Copiapoa,1,173,0.5780346820809249
1472,Poivrea,1,49,2.0408163265306123
1473,Colubrina,1,141,0.7092198581560284
1474,Adenocalyx,1,2,50.0
1475,Cryphaea,1,2,50.0
1476,Doerriena,1,2,50.0
1477,Sparrea,1,2,50.0
1478,Chupalon,1,32,3.125
1484,Ticanto,1,2,50.0
1448,Echinopepon,1,37,2.7027027027027026
1449,Bossiaea,1,136,0.7352941176470589
1450,Herpestis,1,132,0.7575757575757576
1451,Kentrophyta,1,12,8.333333333333334
1452,Podlechiella,1,3,33.333333333333336
1453,Daphne,1,634,0.15772870662460567
1454,Artabotrys,1,179,0.5586592178770949
1455,Holostylis,1,3,33.333333333333336
1447,Brandegea,1,6,16.666666666666668
1485,Floribunda,1,3,33.333333333333336
1486,Cromapanax,1,2,50.0
1487,Birchea,1,2,50.0
1488,Leucas,1,353,0.28328611898017
1489,Lepanthes,1,1404,0.07122507122507123
1490,Lantana,1,565,0.17699115044247787
1491,Korthalsia,1,47,2.127659574468085
1492,Iguanura,1,61,1.639344262295082
1470,Corrigiola,1,51,1.9607843137254901
1494,Gastrodia,1,134,0.746268656716418
1463,Ammannia,1,318,0.31446540880503143
1464,Hexastylis,1,25,4.0
1465,Didymocarpus,1,441,0.22675736961451248
1466,Cucumis,1,580,0.1724137931034483
1467,Pseudocryptocarya,1,2,50.0
1468,Craterostigma,1,46,2.1739130434782608
1469,Uvedalia,1,6,16.666666666666668
1493,Homalomena,1,291,0.3436426116838488
1878,Dichrocephala,1,37,2.7027027027027026
1847,Elachanthemum,1,4,25.0
1848,Anacis,1,3,33.333333333333336
1849,Clementea,1,3,33.333333333333336
1850,Picris,1,256,0.390625
1851,Helminthia,1,25,4.0
1852,Hyoseris,1,80,1.25
1829,Lacosteopsis,1,14,7.142857142857143
1854,Agathyrsus,1,17,5.882352941176471
1855,Monosis,1,18,5.555555555555555
1856,Perezia,1,204,0.49019607843137253
1857,Epitrachys,1,26,3.8461538461538463
1858,Chaetanthera,1,145,0.6896551724137931
1859,Wedelia,1,401,0.24937655860349128
1860,Bamlera,1,3,33.333333333333336
1861,Monochaetum,1,110,0.9090909090909091
1853,Lapsana,1,74,1.3513513513513513
1892,Forsteria,1,1,100.0
1893,Adelia,1,77,1.2987012987012987
1894,Balaka,1,26,3.8461538461538463
1863,Melastoma,1,806,0.12406947890818859
1864,Euscaphis,1,17,5.882352941176471
1865,Bauhinia,1,982,0.10183299389002037
1866,Robinia,1,283,0.35335689045936397
1867,Galatella,1,125,0.8
1877,Haplopappus,1,577,0.1733102253032929
1869,Dicoma,1,98,1.0204081632653061
1870,Acanthoxanthium,1,4,25.0
1871,Franseria,1,72,1.3888888888888888
1872,Enydra,1,19,5.2631578947368425
1873,Polycephalos,1,2,50.0
1874,Carpesium,1,69,1.4492753623188406
1875,Chiliadenus,1,15,6.666666666666667
1876,Absinthium,1,59,1.694915254237288
1868,Abrotanum,1,18,5.555555555555555
1817,Katherinea,1,31,3.225806451612903
1818,Plectreca,1,2,50.0
1819,Clavigera,1,9,11.11111111111111
1820,Praxelis,1,30,3.3333333333333335
1821,Mikania,1,858,0.11655011655011654
1822,Perityle,1,127,0.7874015748031497
1823,Unxia,1,13,7.6923076923076925
1824,Verbesina,1,617,0.1620745542949757
1862,Cassebeeria,1,73,1.36986301369863
1826,Chrysostemma,1,4,25.0
1827,Epilepis,1,2,50.0
1828,Tonalanthus,1,2,50.0
1367,Sophia,1,64,1.5625
1830,Polyphlebium,1,16,6.25
1799,Robynsia,1,7,14.285714285714286
1800,Pseudobravoa,1,2,50.0
1801,Allibertia,1,2,50.0
1825,Agarista,1,70,1.4285714285714286
1831,Microtrichomanes,1,14,7.142857142857143
1832,Pyrrosia,1,157,0.6369426751592356
1833,Dennstaedtia,1,148,0.6756756756756757
1834,Sphaeropteris,1,137,0.7299270072992701
1835,Schizaea,1,77,1.2987012987012987
1836,Microschizaea,1,9,11.11111111111111
1837,Sphaerocionium,1,124,0.8064516129032258
1838,Tuckermannia,1,3,33.333333333333336
1816,Brasilia,1,2,50.0
1840,Uropappus,1,14,7.142857142857143
1841,Stebbinsoseris,1,3,33.333333333333336
1842,Nothocalais,1,6,16.666666666666668
1843,Femeniasia,1,3,33.333333333333336
1844,Heracantha,1,6,16.666666666666668
1845,Phonus,1,6,16.666666666666668
1846,Parachionolaena,1,2,50.0
1815,Notonia,1,41,2.4390243902439024
1839,Prenanthella,1,2,50.0
1949,Rouxopteris,1,3,33.333333333333336
1950,Fuziifilix,1,2,50.0
1951,Trichoneuron,1,2,50.0
1968,Lipara,1,2,50.0
1969,Camellia,1,750,0.13333333333333333
1970,Chilianthus,1,7,14.285714285714286
1971,Blackstonia,1,26,3.8461538461538463
1972,Bistorta,1,143,0.6993006993006993
1891,Heterocalymnantha,1,2,50.0
1911,Gynopogon,1,42,2.380952380952381
1912,Epipogium,1,25,4.0
1913,Drypetes,1,350,0.2857142857142857
1914,Daphniphyllum,1,139,0.7194244604316546
1915,Pergamena,1,2,50.0
1916,Cyrtopodium,1,114,0.8771929824561403
1917,Veillonia,1,2,50.0
1918,Campecarpus,1,2,50.0
1973,Bergenia,1,51,1.9607843137254901
1957,Eurya,1,438,0.228310502283105
1958,Hildmannia,1,22,4.545454545454546
1959,Monocera,1,42,2.380952380952381
1960,Echium,1,588,0.17006802721088435
1961,Arytera,1,56,1.7857142857142858
1962,Euphoria,1,57,1.7543859649122806
1963,Bucholzia,1,20,5.0
1964,Cryptandra,1,166,0.6024096385542169
1948,Haloragis,1,204,0.49019607843137253
1966,Combesia,1,22,4.545454545454546
1967,Pistolochia,1,84,1.1904761904761905
1942,Scolopendrium,1,54,1.8518518518518519
1956,Fumaria,1,536,0.1865671641791045
1944,Cachrys,1,103,0.970873786407767
1945,Aeschynomene,1,488,0.20491803278688525
1946,Hosackia,1,130,0.7692307692307693
1947,Elytropappus,1,24,4.166666666666667
1965,Thisantha,1,11,9.090909090909092
1906,Cebatha,1,22,4.545454545454546
1907,Libanotis,1,132,0.7575757575757576
1908,Diomma,1,3,33.333333333333336
1909,Spiraea,1,1253,0.07980845969672785
1910,Bunchosia,1,164,0.6097560975609756
1879,Hypochaeris,1,291,0.3436426116838488
1880,Gnaphalion,1,2,50.0
1881,Cassinia,1,94,1.0638297872340425
1919,Corysanthes,1,92,1.0869565217391304
1883,Culcitium,1,62,1.6129032258064515
1884,Diplostephium,1,204,0.49019607843137253
1885,Cineraria,1,419,0.2386634844868735
1886,Hasteola,1,10,10.0
1887,Haplocarpha,1,22,4.545454545454546
1888,Arctotis,1,261,0.3831417624521073
1889,Thrincia,1,55,1.8181818181818181
1890,Filago,1,239,0.41841004184100417
1882,Adenostyles,1,63,1.5873015873015872
1920,Erythrodanum,1,3,33.333333333333336
1921,Diplomorpha,1,41,2.4390243902439024
1922,Citharexylum,1,251,0.398406374501992
1923,Asarca,1,96,1.0416666666666667
1924,Castanea,1,240,0.4166666666666667
1925,Callicarpa,1,467,0.21413276231263384
1926,Sauropus,1,140,0.7142857142857143
1895,Codonura,1,2,50.0
1905,Trichocereus,1,168,0.5952380952380952
1897,Maximiliana,1,19,5.2631578947368425
1898,Arum,1,423,0.2364066193853428
1899,Argostemma,1,270,0.37037037037037035
1900,Meniscium,1,83,1.2048192771084338
1901,Univiscidiatus,1,16,6.25
1902,Acianthopsis,1,23,4.3478260869565215
1903,Acianthus,1,54,1.8518518518518519
1904,Acianthella,1,8,12.5
1896,Aucuba,1,86,1.1627906976744187
1733,Licania,1,351,0.2849002849002849
1734,Trimeris,1,3,33.333333333333336
1703,Tirucalia,1,77,1.2987012987012987
1704,Dendrolirium,1,34,2.9411764705882355
1705,Sarcopodium,1,58,1.7241379310344827
1706,Coccoglochidion,1,2,50.0
1707,Eusteralis,1,28,3.5714285714285716
1802,Prochnyanthes,1,4,25.0
1709,Phyllanthus,1,2224,0.044964028776978415
1710,Phlomis,1,413,0.24213075060532688
1711,Kingidium,1,17,5.882352941176471
1712,Doritis,1,47,2.127659574468085
1713,Peteniodendron,1,7,14.285714285714286
1714,Lucuma,1,202,0.49504950495049505
1715,Hoffmannia,1,188,0.5319148936170213
1716,Zornia,1,233,0.4291845493562232
1708,Conopsidium,1,3,33.333333333333336
1747,Holopyxidium,1,4,25.0
1748,Humboltia,1,326,0.3067484662576687
1749,Chthamalia,1,9,11.11111111111111
1750,Dictyanthus,1,22,4.545454545454546
1719,Abebaia,1,2,50.0
1720,Mandevilla,1,272,0.36764705882352944
1721,Blepharoglossum,1,39,2.5641025641025643
1722,Leptospermopsis,1,2,50.0
1732,Burmeistera,1,181,0.5524861878453039
1724,Hybochilus,1,4,25.0
1725,Mercurialis,1,123,0.8130081300813008
1726,Leidesia,1,8,12.5
1727,Nervilia,1,146,0.684931506849315
1728,Serrafalcus,1,89,1.1235955056179776
1729,Embryopteris,1,10,10.0
1730,Juniperus,1,890,0.11235955056179775
1731,Tragia,1,409,0.24449877750611246
1723,Andrachne,1,108,0.9259259259259259
1672,Huxleya,1,2,50.0
1673,Voacanga,1,53,1.8867924528301887
1674,Urophyllum,1,204,0.49019607843137253
1675,Sobralia,1,235,0.425531914893617
1676,Uwarowia,1,3,33.333333333333336
1677,Dendrocolla,1,45,2.2222222222222223
1678,Stylocoryna,1,74,1.3513513513513513
1679,Tarenna,1,353,0.28328611898017
1717,Pogonia,1,167,0.5988023952095808
1681,Helleranthus,1,2,50.0
1682,Shuttleworthia,1,9,11.11111111111111
1683,Stenogyne,1,182,0.5494505494505495
1684,Spiranthes,1,497,0.2012072434607646
1685,Spathoglottis,1,95,1.0526315789473684
1686,Billardiera,1,72,1.3888888888888888
1655,Scheutzia,1,3,33.333333333333336
1656,Nemaluma,1,2,50.0
1680,Verbenella,1,2,50.0
1718,Hylaeorchis,1,2,50.0
1687,Ixora,1,1099,0.09099181073703366
1688,Homalopetalum,1,13,7.6923076923076925
1689,Pinelia,1,8,12.5
1690,Hedyotis,1,1079,0.09267840593141798
1691,Tetraglochidion,1,2,50.0
1692,Lobocarpus,1,2,50.0
1693,Episteira,1,2,50.0
1671,Zygopetalum,1,166,0.6024096385542169
1695,Syzygiopsis,1,3,33.333333333333336
1696,Glochisandra,1,2,50.0
1697,Bradleia,1,43,2.3255813953488373
1698,Glochidionopsis,1,2,50.0
1699,Zarcoa,1,2,50.0
1700,Agyneia,1,32,3.125
1701,Corunastylis,1,74,1.3513513513513513
1702,Prasophyllum,1,249,0.40160642570281124
1694,Gynoon,1,7,14.285714285714286
1789,Michelia,1,234,0.42735042735042733
1790,Duthiea,1,10,10.0
1791,Caulinia,1,54,1.8518518518518519
1792,Colchicum,1,468,0.21367521367521367
1793,Calochortus,1,225,0.4444444444444444
1794,Coetocapnia,1,2,50.0
1795,Manfreda,1,51,1.9607843137254901
1796,Leichtlinia,1,3,33.333333333333336
1746,Cercophora,1,2,50.0
1798,Phaedranassa,1,24,4.166666666666667
1767,Ophiuros,1,32,3.125
1768,Deschampsia,1,426,0.2347417840375587
1769,Muscari,1,279,0.35842293906810035
1770,Xerotes,1,79,1.2658227848101267
1771,Amomum,1,485,0.20618556701030927
1772,Discopodium,1,11,9.090909090909092
1773,Tribonanthes,1,15,6.666666666666667
1797,Bravoa,1,10,10.0
1803,Tuberosa,1,2,50.0
1804,Zetocapnia,1,2,50.0
1805,Pothos,1,261,0.3831417624521073
1806,Pentlandia,1,5,20.0
1807,Runyonia,1,2,50.0
1808,Pappothrix,1,5,20.0
1809,Galinsogeopsis,1,2,50.0
1810,Monothrix,1,9,11.11111111111111
1788,Dyckia,1,318,0.31446540880503143
1812,Nesothamnus,1,2,50.0
1813,Correllia,1,2,50.0
1814,Notoniopsis,1,10,10.0
1783,Niveophyllum,1,2,50.0
1784,Bakeria,1,7,14.285714285714286
1785,Bakerantha,1,5,20.0
1786,Iria,1,119,0.8403361344537815
1787,Eriophorum,1,212,0.4716981132075472
1811,Leptopharynx,1,13,7.6923076923076925
1761,Coelorachis,1,41,2.4390243902439024
1762,Poarion,1,1,100.0
1763,Aegialitis,1,7,14.285714285714286
1764,Aegialina,1,2,50.0
1765,Sucrea,1,4,25.0
1766,Pariana,1,58,1.7241379310344827
1735,Muscarella,1,58,1.7241379310344827
1736,Verapazia,1,6,16.666666666666668
1774,Tradescantia,1,432,0.23148148148148148
1738,Ferraria,1,70,1.4285714285714286
1739,Vieusseuxia,1,48,2.0833333333333335
1740,Setilobus,1,7,14.285714285714286
1741,Arrabidaea,1,223,0.4484304932735426
1742,Stereospermum,1,64,1.5625
1743,Planchonia,1,23,4.3478260869565215
1744,Sapucaya,1,2,50.0
1745,Pachylecythis,1,2,50.0
1737,Kyllinga,1,355,0.28169014084507044
1775,Bagnisia,1,5,20.0
1776,Scleria,1,771,0.1297016861219196
1777,Puya,1,306,0.32679738562091504
1778,Strailia,1,1,100.0
1779,Baumea,1,42,2.380952380952381
1780,Chapelliera,1,10,10.0
1781,Machaerina,1,111,0.9009009009009009
1782,Hechtia,1,108,0.9259259259259259
1760,Leochilus,1,35,2.857142857142857
1752,Poicillopsis,1,7,14.285714285714286
1753,Ceropegia,1,1278,0.0782472613458529
1754,Odontostephana,1,8,12.5
1755,Calathea,1,435,0.22988505747126436
1756,Cuscuta,1,884,0.11312217194570136
1757,Convolvulus,1,1840,0.05434782608695652
1758,Pentameris,1,138,0.7246376811594203
1759,Nonatelia,1,113,0.8849557522123894
1751,Urostephanus,1,2,50.0
1010,Bulbostylis,1,457,0.2188183807439825
1011,Ovidia,1,10,10.0
1012,Sarcosiphon,1,9,11.11111111111111
1013,Lysiosepalum,1,7,14.285714285714286
1014,Clerodendrum,1,979,0.10214504596527069
983,Cathartocarpus,1,25,4.0
984,Platycyparis,1,2,50.0
985,Vilfa,1,268,0.373134328358209
1225,Sinabraca,1,3,33.333333333333336
987,Malachia,1,3,33.333333333333336
988,Odontarrhena,1,131,0.7633587786259542
989,Anisantha,1,33,3.0303030303030303
990,Hydrochloa,1,13,7.6923076923076925
991,Sorghum,1,569,0.1757469244288225
992,Oribasia,1,7,14.285714285714286
993,Athamanta,1,130,0.7692307692307693
994,Phragmanthera,1,51,1.9607843137254901
986,Sempervivella,1,6,16.666666666666668
1024,Kohlrauschia,1,13,7.6923076923076925
1025,Pseudobarleria,1,29,3.4482758620689653
1026,Tragium,1,27,3.7037037037037037
1027,Helosciadium,1,63,1.5873015873015872
1028,Ouratea,1,587,0.17035775127768313
1029,Hannoa,1,9,11.11111111111111
1030,Xanthoxalis,1,84,1.1904761904761905
999,Rapanea,1,393,0.2544529262086514
1009,Lindenbergia,1,37,2.7027027027027026
1001,Stereochilus,1,12,8.333333333333334
1002,Thrixspermum,1,295,0.3389830508474576
1003,Volkameria,1,66,1.5151515151515151
1004,Morella,1,55,1.8181818181818181
1005,Najas,1,212,0.4716981132075472
1006,Cerothamnus,1,6,16.666666666666668
1007,Abildgaardia,1,145,0.6896551724137931
1008,Bovea,1,2,50.0
1000,Tainia,1,110,0.9090909090909091
982,Chamaecyparis,1,181,0.5524861878453039
951,Queltia,1,36,2.7777777777777777
952,Trivalvaria,1,19,5.2631578947368425
953,Usteria,1,14,7.142857142857143
954,Hydrostemma,1,4,25.0
955,Arnottia,1,5,20.0
956,Spartothamnus,1,6,16.666666666666668
957,Raphistemma,1,5,20.0
995,Palicourea,1,964,0.1037344398340249
959,Toxocarpus,1,86,1.1627906976744187
960,Pentagonium,1,2,50.0
961,Oxypetalum,1,297,0.3367003367003367
962,Calyptranthes,1,453,0.22075055187637968
963,Ajuga,1,356,0.2808988764044944
964,Amsonia,1,59,1.694915254237288
965,Sexilia,1,3,33.333333333333336
966,Galypola,1,2,50.0
958,Secamone,1,232,0.43103448275862066
996,Goldfussia,1,75,1.3333333333333333
997,Sarcocornia,1,40,2.5
998,Acanthopanax,1,130,0.7692307692307693
967,Centella,1,114,0.8771929824561403
968,Acanthus,1,122,0.819672131147541
969,Corynandra,1,12,8.333333333333334
970,Wendlandia,1,178,0.5617977528089888
971,Gaudichaudia,1,87,1.1494252873563218
981,Callitropsis,1,23,4.3478260869565215
973,Exochaenium,1,35,2.857142857142857
974,Sebaea,1,184,0.5434782608695652
975,Systemonodaphne,1,4,25.0
976,Clitoria,1,239,0.41841004184100417
977,Rhytiglossa,1,99,1.0101010101010102
978,Palustricodon,1,3,33.333333333333336
979,Tupistra,1,76,1.3157894736842106
980,Desmodiastrum,1,6,16.666666666666668
972,Chrysoxylon,1,6,16.666666666666668
1066,Monochlaena,1,4,25.0
1067,Taihangia,1,3,33.333333333333336
1068,Aspidium,1,1827,0.05473453749315818
1069,Ctenitis,1,384,0.2604166666666667
1070,Bolbitis,1,188,0.5319148936170213
1071,Elaphoglossum,1,1161,0.08613264427217916
1072,Tournefortia,1,345,0.2898550724637681
1073,Xanthium,1,175,0.5714285714285714
1023,Polyosma,1,118,0.847457627118644
1075,Nectandra,1,411,0.24330900243309003
1076,Pachypleuria,1,27,3.7037037037037037
1077,Connarus,1,307,0.3257328990228013
1078,Mecosorus,1,9,11.11111111111111
1047,Terminalia,1,652,0.15337423312883436
1048,Antitoxicum,1,35,2.857142857142857
1049,Dennettia,1,2,50.0
1050,Gynandropsis,1,47,2.127659574468085
1074,Aylostera,1,129,0.7751937984496124
1080,Henckelia,1,244,0.4098360655737705
1081,Sanguisorba,1,349,0.28653295128939826
1082,Humata,1,121,0.8264462809917356
1083,Camphorosma,1,24,4.166666666666667
1084,Mnemion,1,24,4.166666666666667
1085,Symphytum,1,157,0.6369426751592356
1086,Seseli,1,463,0.2159827213822894
1087,Lychnis,1,330,0.30303030303030304
1065,Cestrum,1,639,0.1564945226917058
1089,Oxygonum,1,86,1.1627906976744187
1090,Masema,1,5,20.0
1091,Belmontia,1,31,3.225806451612903
1092,Sycopsis,1,16,6.25
1093,Euonymus,1,744,0.13440860215053763
1094,Eulychnia,1,30,3.3333333333333335
1063,Nesopteris,1,7,14.285714285714286
1064,Microgonium,1,30,3.3333333333333335
1088,Gardneria,1,17,5.882352941176471
1038,Epithymum,1,8,12.5
1039,Ulmarronia,1,9,11.11111111111111
1040,Fourraea,1,2,50.0
1041,Goeppertia,1,294,0.3401360544217687
1042,Anisostigma,1,2,50.0
1043,Tetragonia,1,109,0.9174311926605505
1044,Elaeoselinum,1,31,3.225806451612903
1045,Laserpitium,1,231,0.4329004329004329
1051,Amauropelta,1,256,0.390625
1015,Eriosema,1,386,0.25906735751295334
1016,Myrcia,1,1446,0.06915629322268327
1017,Rohdea,1,47,2.127659574468085
1018,Campylandra,1,28,3.5714285714285716
1019,Kimnachia,1,4,25.0
1020,Pachira,1,98,1.0204081632653061
1021,Camelinopsis,1,4,25.0
1022,Senna,1,564,0.1773049645390071
1046,Uvaria,1,547,0.18281535648994515
1052,Argyrodendron,1,15,6.666666666666667
1053,Notholaena,1,253,0.3952569169960474
1054,Pellaea,1,285,0.3508771929824561
1055,Doryopteris,1,142,0.704225352112676
1056,Hiya,1,5,20.0
1057,Polydictyum,1,7,14.285714285714286
1058,Cardiochlaena,1,19,5.2631578947368425
1059,Hippuris,1,29,3.4482758620689653
1037,Quamoclit,1,67,1.492537313432836
1061,Anil,1,305,0.32786885245901637
1062,Phegopteris,1,448,0.22321428571428573
1031,Amyris,1,151,0.6622516556291391
1032,Streptanthella,1,3,33.333333333333336
1033,Breweria,1,88,1.1363636363636365
1034,Priestleya,1,53,1.8867924528301887
1035,Stenodraba,1,23,4.3478260869565215
1036,Mellissia,1,2,50.0
1060,Stenolepia,1,3,33.333333333333336
866,Dynamidium,1,20,5.0
867,Corybas,1,176,0.5681818181818182
868,Nothocissus,1,7,14.285714285714286
869,Hippochaete,1,48,2.0833333333333335
870,Iozoste,1,56,1.7857142857142858
839,Polyspora,1,60,1.6666666666666667
840,Gordonia,1,126,0.7936507936507936
841,Eleutherococcus,1,114,0.8771929824561403
935,Schweinitzia,1,4,25.0
843,Vitis,1,1178,0.08488964346349745
844,Hemianemia,1,46,2.1739130434782608
845,Grajalesia,1,3,33.333333333333336
846,Francfleurya,1,4,25.0
847,Pentaphragma,1,48,2.0833333333333335
848,Drimys,1,141,0.7092198581560284
849,Vandellia,1,153,0.6535947712418301
850,Mascagnia,1,206,0.4854368932038835
842,Russelia,1,91,1.098901098901099
880,Phaca,1,342,0.29239766081871343
881,Obione,1,314,0.3184713375796178
882,Bolax,1,28,3.5714285714285716
883,Alyogyne,1,9,11.11111111111111
884,Oreocharis,1,189,0.5291005291005291
885,Hemionitis,1,570,0.17543859649122806
886,Clompanus,1,100,1.0
855,Acharagma,1,6,16.666666666666668
865,Aldina,1,28,3.5714285714285716
857,Cyminosma,1,7,14.285714285714286
858,Adenandra,1,103,0.970873786407767
859,Caesalpinia,1,433,0.23094688221709006
860,Aegopodium,1,31,3.225806451612903
861,Trichosporum,1,114,0.8771929824561403
862,Aureolaria,1,62,1.6129032258064515
863,Milnea,1,20,5.0
864,Walsura,1,58,1.7241379310344827
856,Phanera,1,286,0.34965034965034963
1930,Foersteria,1,1,100.0
1931,Breyniopsis,1,2,50.0
1932,Cymbidium,1,537,0.186219739292365
1933,Abutilon,1,701,0.14265335235378032
1934,Itea,1,61,1.639344262295082
1935,Boehmeria,1,546,0.18315018315018314
1936,Pelargonium,1,1793,0.05577244841048522
1937,Reseda,1,484,0.2066115702479339
851,Gonopyrum,1,4,25.0
1939,Myricaria,1,39,2.5641025641025643
1940,Spergula,1,234,0.42735042735042733
1941,Tryphane,1,12,8.333333333333334
1974,Isopyrum,1,71,1.408450704225352
1927,Melanthesopsis,1,12,8.333333333333334
1955,Hymenolobus,1,20,5.0
1954,Chaetocrater,1,6,16.666666666666668
1953,Pulmonaria,1,162,0.6172839506172839
1938,Actaea,1,125,0.8
852,Aalius,1,21,4.761904761904762
853,Dodecatheon,1,201,0.4975124378109453
854,Sonerila,1,315,0.31746031746031744
827,Chloraea,1,171,0.5847953216374269
828,Rhodax,1,52,1.9230769230769231
829,Clarkia,1,118,0.847457627118644
830,Lasianthemum,1,3,33.333333333333336
831,Melhania,1,128,0.78125
1929,Ceratogynum,1,3,33.333333333333336
833,Telanthera,1,140,0.7142857142857143
834,Pterocarpus,1,252,0.3968253968253968
835,Bembicidium,1,2,50.0
836,Stegostyla,1,20,5.0
837,Strombocarpa,1,9,11.11111111111111
838,Rhytionanthos,1,16,6.25
1943,Prangos,1,130,0.7692307692307693
1928,Melanthesa,1,27,3.7037037037037037
832,Reevesia,1,38,2.6315789473684212
922,Saccharodendron,1,9,11.11111111111111
923,Amoora,1,81,1.2345679012345678
924,Tinus,1,213,0.4694835680751174
925,Tetragonolobus,1,40,2.5
926,Euchilus,1,9,11.11111111111111
927,Lemmatium,1,2,50.0
928,Echiostachys,1,4,25.0
929,Sassafras,1,22,4.545454545454546
879,Trineuria,1,13,7.6923076923076925
931,Odontonema,1,67,1.492537313432836
932,Monotropsis,1,5,20.0
933,Petalidium,1,58,1.7241379310344827
934,Nanocnide,1,7,14.285714285714286
903,Lappa,1,59,1.694915254237288
904,Saul,1,3,33.333333333333336
905,Doona,1,18,5.555555555555555
906,Richetia,1,6,16.666666666666668
930,Monteverdia,1,128,0.78125
936,Melissitus,1,60,1.6666666666666667
937,Tridimeris,1,4,25.0
938,Dela,1,1,100.0
939,Mimosopsis,1,27,3.7037037037037037
940,Turukhania,1,4,25.0
941,Trigonella,1,486,0.205761316872428
942,Melilotoides,1,38,2.6315789473684212
943,Gastrolychnis,1,44,2.272727272727273
921,Lathyrus,1,1222,0.08183306055646482
945,Cinnabarinea,1,9,11.11111111111111
946,Halocnemum,1,23,4.3478260869565215
947,Bremekampia,1,6,16.666666666666668
948,Merwilla,1,8,12.5
949,Harrisia,1,44,2.272727272727273
950,Aridarum,1,32,3.125
919,Sticherus,1,164,0.6097560975609756
920,Stenandriopsis,1,21,4.761904761904762
944,Bellardia,1,23,4.3478260869565215
894,Dircaea,1,20,5.0
895,Scaevola,1,285,0.3508771929824561
896,Seriphidium,1,186,0.5376344086021505
897,Trimorpha,1,51,1.9607843137254901
898,Saraca,1,35,2.857142857142857
899,Iranecio,1,24,4.166666666666667
900,Pentacme,1,12,8.333333333333334
901,Kalbfussia,1,14,7.142857142857143
907,Anthoshorea,1,2,50.0
871,Enantia,1,14,7.142857142857143
872,Lemphoria,1,2,50.0
873,Parryodes,1,2,50.0
874,Actinodaphne,1,204,0.49019607843137253
875,Cumulopuntia,1,47,2.127659574468085
876,Burdachia,1,18,5.555555555555555
877,Boechera,1,161,0.6211180124223602
878,Aeginetia,1,36,2.7777777777777777
902,Cichorium,1,86,1.1627906976744187
908,Asterocephalus,1,116,0.8620689655172413
909,Sadiria,1,14,7.142857142857143
910,Macledium,1,30,3.3333333333333335
911,Halimolobos,1,46,2.1739130434782608
912,Mertensia,1,372,0.26881720430107525
913,Parthenocissus,1,79,1.2658227848101267
914,Psammogonum,1,3,33.333333333333336
915,Sedopsis,1,7,14.285714285714286
893,Gesneria,1,383,0.26109660574412535
917,Hirculus,1,78,1.2820512820512822
918,Microstigma,1,7,14.285714285714286
887,Sarracenia,1,194,0.5154639175257731
888,Gymnogramma,1,419,0.2386634844868735
889,Parahemionitis,1,3,33.333333333333336
890,Hieronymusia,1,2,50.0
891,Metaxya,1,7,14.285714285714286
892,Chodaphyton,1,2,50.0
916,Medicago,1,1247,0.08019246190858059
1298,Condalia,1,63,1.5873015873015872
1299,Restrepiopsis,1,22,4.545454545454546
1300,Ceanothus,1,355,0.28169014084507044
1301,Sertifera,1,12,8.333333333333334
1302,Dillenia,1,147,0.6802721088435374
1271,Bombax,1,212,0.4716981132075472
1272,Rimacactus,1,2,50.0
1273,Eremogone,1,161,0.6211180124223602
1079,Marginaria,1,104,0.9615384615384616
1275,Bulliarda,1,25,4.0
1276,Epithelantha,1,38,2.6315789473684212
1277,Cephalomamillaria,1,4,25.0
1278,Enkianthus,1,78,1.2820512820512822
1279,Endlicheria,1,86,1.1627906976744187
1280,Logania,1,72,1.3888888888888888
1281,Abelmoschus,1,117,0.8547008547008547
1282,Diosma,1,270,0.37037037037037035
1274,Eranthis,1,31,3.225806451612903
1312,Landolphia,1,196,0.5102040816326531
1313,Listrostachys,1,104,0.9615384615384616
1314,Staphisagria,1,9,11.11111111111111
1315,Staphysagria,1,1,100.0
1316,Callopisma,1,6,16.666666666666668
1317,Orthopichonia,1,12,8.333333333333334
1318,Jejosephia,1,2,50.0
1287,Cyrtandra,1,1291,0.07745933384972889
1297,Corchorus,1,228,0.43859649122807015
1289,Aletes,1,26,3.8461538461538463
1290,Diplodium,1,70,1.4285714285714286
1291,Scholtzia,1,51,1.9607843137254901
1292,Allantodia,1,142,0.704225352112676
1293,Chamaedrys,1,23,4.3478260869565215
1294,Oreocarya,1,128,0.78125
1295,Cratylia,1,19,5.2631578947368425
1296,Canistrum,1,45,2.2222222222222223
1288,Cephaelis,1,292,0.3424657534246575
1270,Astrocarpa,1,36,2.7777777777777777
1239,Fregirardia,1,15,6.666666666666667
1240,Sclerocactus,1,75,1.3333333333333333
1241,Calophyllum,1,390,0.2564102564102564
1242,Bassovia,1,69,1.4492753623188406
1243,Capparis,1,866,0.11547344110854503
1244,Campylospermum,1,134,0.746268656716418
1245,Visenia,1,32,3.125
1283,Alepidea,1,83,1.2048192771084338
1247,Thea,1,143,0.6993006993006993
1248,Camelina,1,97,1.0309278350515463
1249,Myagrum,1,73,1.36986301369863
1250,Melochia,1,259,0.3861003861003861
1251,Erophila,1,195,0.5128205128205128
1252,Echinocereus,1,564,0.1773049645390071
1253,Epimedium,1,189,0.5291005291005291
1254,Bondtia,1,62,1.6129032258064515
1246,Claytonia,1,371,0.2695417789757412
1284,Leonohebe,1,40,2.5
1285,Pygmaeopremna,1,8,12.5
1286,Sarothamnus,1,88,1.1363636363636365
1255,Moenchia,1,34,2.9411764705882355
1256,Eremophila,1,407,0.2457002457002457
1257,Frankenia,1,232,0.43103448275862066
1258,Epibaterium,1,6,16.666666666666668
1259,Helleborus,1,233,0.4291845493562232
1269,Velleruca,1,4,25.0
1261,Ptarmica,1,92,1.0869565217391304
1262,Chamaepeuce,1,33,3.0303030303030303
1263,Huanaca,1,13,7.6923076923076925
1264,Tutuca,1,3,33.333333333333336
1265,Dionysia,1,82,1.2195121951219512
1266,Urostachys,1,409,0.24449877750611246
1267,Guarea,1,346,0.28901734104046245
1268,Cichlanthus,1,14,7.142857142857143
1260,Hovenia,1,25,4.0
1354,Pylostachya,1,3,33.333333333333336
1355,Corymbula,1,1,100.0
1356,Pulsatilla,1,382,0.2617801047120419
1357,Anonychium,1,2,50.0
1358,Mitostax,1,2,50.0
1359,Pilostaxis,1,8,12.5
1360,Cintia,1,2,50.0
1361,Scoparebutia,1,1,100.0
1311,Pleione,1,165,0.6060606060606061
1363,Bridgesia,1,10,10.0
1364,Echinolobivia,1,1,100.0
1365,Parodia,1,472,0.211864406779661
1366,Icica,1,62,1.6129032258064515
1335,Swartzia,1,367,0.2724795640326976
1336,Suaeda,1,282,0.3546099290780142
1337,Buda,1,15,6.666666666666667
1338,Ilysanthes,1,94,1.0638297872340425
1362,Rebulobivia,1,3,33.333333333333336
1368,Miliusa,1,94,1.0638297872340425
1369,Drymaria,1,176,0.5681818181818182
1370,Turraea,1,170,0.5882352941176471
1371,Phelipanche,1,101,0.9900990099009901
1372,Platyopuntia,1,46,2.1739130434782608
1373,Onobrychis,1,767,0.1303780964797914
1374,Nymphozanthus,1,24,4.166666666666667
1375,Neptunia,1,47,2.127659574468085
1353,Anthalogea,1,3,33.333333333333336
1377,Nicotiana,1,410,0.24390243902439024
1378,Thlaspi,1,479,0.20876826722338204
1379,Aphanandrium,1,2,50.0
1380,Olax,1,116,0.8620689655172413
1381,Arthrocnemum,1,56,1.7857142857142858
1382,Condaliopsis,1,9,11.11111111111111
1351,Phyllostylon,1,4,25.0
1352,Senegaria,1,1,100.0
1376,Dolia,1,29,3.4482758620689653
1326,Cacao,1,7,14.285714285714286
1327,Malva,1,667,0.14992503748125938
1328,Ametron,1,3,33.333333333333336
1329,Luvunga,1,21,4.761904761904762
1330,Lasiodiscus,1,24,4.166666666666667
1331,Anagallis,1,210,0.47619047619047616
1332,Euparea,1,11,9.090909090909092
1333,Oreobroma,1,26,3.8461538461538463
1339,Alcea,1,156,0.6410256410256411
1303,Rhaponticum,1,76,1.3157894736842106
1304,Dichapetalum,1,428,0.2336448598130841
1305,Desmanthus,1,99,1.0101010101010102
1306,Herorchis,1,35,2.857142857142857
1307,Lemurangis,1,10,10.0
1308,Lesliegraecum,1,22,4.545454545454546
1309,Orthandra,1,12,8.333333333333334
1310,Arceuthobium,1,121,0.8264462809917356
1334,Leucadendron,1,295,0.3389830508474576
1340,Arthrosamanea,1,18,5.555555555555555
1341,Pseudalbizzia,1,2,50.0
1342,Sida,1,1409,0.07097232079488999
1343,Belvala,1,23,4.3478260869565215
1344,Sloanea,1,337,0.29673590504451036
1345,Meconopsis,1,228,0.43859649122807015
1346,Zoroxus,1,1,100.0
1347,Badiera,1,24,4.166666666666667
1325,Alsodeia,1,179,0.5586592178770949
1349,Phytolacca,1,100,1.0
1350,Telotia,1,2,50.0
1319,Sopropis,1,2,50.0
1320,Psorodendron,1,13,7.6923076923076925
1321,Sweetia,1,35,2.857142857142857
1322,Commilobium,1,4,25.0
1323,Plectomirtha,1,2,50.0
1324,Spirolobium,1,4,25.0
1348,Neltuma,1,15,6.666666666666667
1154,Wigandia,1,38,2.6315789473684212
1155,Steirocoma,1,1,100.0
1156,Berkheyopsis,1,15,6.666666666666667
1157,Friesodielsia,1,65,1.5384615384615385
1158,Aragallus,1,83,1.2048192771084338
1127,Leontopodium,1,145,0.6896551724137931
1128,Afroguatteria,1,4,25.0
1129,Leontonyx,1,17,5.882352941176471
1223,Acosmium,1,23,4.3478260869565215
1131,Ifloga,1,36,2.7777777777777777
1132,Trichogyne,1,17,5.882352941176471
1133,Waitzia,1,52,1.9230769230769231
1134,Cousinia,1,961,0.1040582726326743
1135,Microlonchus,1,28,3.5714285714285716
1136,Ainsliaea,1,131,0.7633587786259542
1137,Acosta,1,160,0.625
1138,Lophiolepis,1,5,20.0
1130,Cleistopholis,1,18,5.555555555555555
1168,Munychia,1,5,20.0
1169,Richella,1,25,4.0
1170,Podocoma,1,21,4.761904761904762
1171,Leysera,1,25,4.0
1172,Aconogonon,1,99,1.0101010101010102
1173,Bredemeyera,1,74,1.3513513513513513
1174,Iocenes,1,3,33.333333333333336
1143,Bourdaria,1,2,50.0
1153,Laphangium,1,4,25.0
1145,Stephanomeria,1,64,1.5625
1146,Colobium,1,8,12.5
1147,Osbeckia,1,266,0.37593984962406013
1148,Gorteria,1,59,1.694915254237288
1149,Chaetostoma,1,45,2.2222222222222223
1150,Lycopersicon,1,109,0.9174311926605505
1151,Vogtia,1,3,33.333333333333336
1152,Xylothamia,1,11,9.090909090909092
1144,Perilimnastes,1,3,33.333333333333336
1126,Astronia,1,144,0.6944444444444444
1095,Philippicereus,1,6,16.666666666666668
1096,Acmadenia,1,57,1.7543859649122806
1097,Erythrina,1,347,0.2881844380403458
1098,Olmedia,1,31,3.225806451612903
1099,Zehntnerella,1,5,20.0
1100,Valerianella,1,263,0.38022813688212925
1101,Fedia,1,153,0.6535947712418301
1139,Grosvenoria,1,8,12.5
1103,Xamacrista,1,2,50.0
1104,Licaria,1,119,0.8403361344537815
1105,Pygmaeocereus,1,8,12.5
1106,Misanteca,1,77,1.2987012987012987
1107,Pleuropterus,1,8,12.5
1108,Gratiola,1,179,0.5586592178770949
1109,Aydendron,1,48,2.0833333333333335
1110,Gaultheria,1,609,0.16420361247947454
1102,Rhynchosia,1,675,0.14814814814814814
1140,Webbia,1,19,5.2631578947368425
1141,Xeranthemum,1,92,1.0869565217391304
1142,Launaea,1,137,0.7299270072992701
1111,Hiraea,1,265,0.37735849056603776
1112,Guaiacum,1,26,3.8461538461538463
1113,Garcinia,1,665,0.15037593984962405
1114,Hebradendron,1,7,14.285714285714286
1115,Nanophyton,1,16,6.25
1125,Astronidium,1,77,1.2987012987012987
1117,Pentacalia,1,307,0.3257328990228013
1118,Bredia,1,62,1.6129032258064515
1119,Calendula,1,180,0.5555555555555556
1120,Charianthus,1,31,3.225806451612903
1121,Cremanium,1,64,1.5625
1122,Acinodendron,1,534,0.18726591760299627
1123,Medinilla,1,572,0.17482517482517482
1124,Phyllitis,1,41,2.4390243902439024
1116,Odontostigma,1,4,25.0
1210,Quinio,1,2,50.0
1211,Cocculidium,1,2,50.0
1212,Leaeba,1,2,50.0
1213,Ferrandia,1,2,50.0
1214,Galloa,1,2,50.0
1215,Neurocarpum,1,30,3.3333333333333335
1216,Viorna,1,40,2.5
1217,Anneslia,1,132,0.7575757575757576
1167,Oxymitra,1,80,1.25
1219,Lanzana,1,2,50.0
1220,Spondias,1,102,0.9803921568627451
1221,Pennantia,1,7,14.285714285714286
1222,Pterodon,1,6,16.666666666666668
1191,Raphanus,1,212,0.4716981132075472
1192,Camphora,1,50,2.0
1193,Parthenoxylon,1,4,25.0
1194,Cicendia,1,17,5.882352941176471
1218,Lundia,1,47,2.127659574468085
1224,Acanthonychia,1,5,20.0
1952,Parablechnum,1,72,1.3888888888888888
1226,Melanosinapis,1,5,20.0
1227,Mutarda,1,2,50.0
1228,Tapinanthus,1,290,0.3448275862068966
1229,Boerhavia,1,294,0.3401360544217687
1230,Farsetia,1,95,1.0526315789473684
1231,Columnea,1,434,0.2304147465437788
1209,Nephroia,1,18,5.555555555555555
1233,Loureira,1,9,11.11111111111111
1234,Tingulonga,1,49,2.0408163265306123
1235,Protium,1,284,0.352112676056338
1236,Icicopsis,1,10,10.0
1237,Neogymnantha,1,3,33.333333333333336
1238,Uvariopsis,1,23,4.3478260869565215
1207,Bricchettia,1,2,50.0
1208,Oplismenus,1,195,0.5128205128205128
1232,Beilschmiedia,1,382,0.2617801047120419
1182,Haplosticha,1,2,50.0
1183,Crepinia,1,69,1.4492753623188406
1184,Nipponocalamus,1,96,1.0416666666666667
1185,Argyreia,1,244,0.4098360655737705
1186,Calpidisca,1,12,8.333333333333334
1187,Fusifilum,1,21,4.761904761904762
1188,Limonia,1,82,1.2195121951219512
1189,Physodia,1,5,20.0
1195,Cephalaria,1,235,0.425531914893617
1159,Stranvaesia,1,34,2.9411764705882355
1160,Oncostylus,1,10,10.0
1161,Myriotheca,1,7,14.285714285714286
1162,Aronia,1,88,1.1363636363636365
1163,Patania,1,11,9.090909090909092
1164,Litobrochia,1,118,0.847457627118644
1165,Hisingera,1,27,3.7037037037037037
1166,Avellara,1,2,50.0
1190,Phelypaea,1,144,0.6944444444444444
1196,Nicoteba,1,8,12.5
1197,Bargemontia,1,29,3.4482758620689653
1198,Pimpinella,1,665,0.15037593984962405
1199,Arkezostis,1,64,1.5625
1200,Cissus,1,1113,0.08984725965858041
1201,Baumgartia,1,2,50.0
1202,Prosthechea,1,159,0.6289308176100629
1203,Nemochloa,1,16,6.25
1181,Trilisa,1,6,16.666666666666668
1205,Androphylax,1,2,50.0
1206,Eliokarmos,1,42,2.380952380952381
1175,Pulicaria,1,218,0.45871559633027525
1176,Eriobotrya,1,82,1.2195121951219512
1177,Helianthus,1,514,0.19455252918287938
1178,Aspilia,1,264,0.3787878787878788
1179,Viguiera,1,363,0.27548209366391185
1180,Barroetea,1,10,10.0
1204,Adenocheton,1,2,50.0
